BDR,Account Name,Linkedin,slug,normalised domain
Aditya Sharma,Incomm Payments,https://www.linkedin.com/company/incommpayments/,incommpayments,incomm.com
Aditya Sharma,Webster Bank,https://www.linkedin.com/company/webster-bank/,webster-bank,websterbank.com
Aditya Sharma,LPL Financial,https://www.linkedin.com/company/lpl-financial/,lpl-financial,lpl.com
Aditya Sharma,Paypal,https://www.linkedin.com/company/paypal/?originalSubdomain=in,paypal,paypal.com
Aditya Sharma,RBFCU,https://www.linkedin.com/company/randolph-brooks-federal-credit-union/,randolph-brooks-federal-credit-union,rbfcu.org
Aditya Sharma,Desert Financial Credit Union,https://www.linkedin.com/company/desertfinancial/,desertfinancial,desertfinancial.com
Aditya Sharma,Definity,https://www.linkedin.com/company/definity-ai/,definity-ai,definity.ai
Aditya Sharma,Raymond James Financial,https://www.linkedin.com/company/raymond-james-financial-inc-/,raymond-james-financial-inc-,raymondjames.com
Aditya Sharma,Visa,https://www.linkedin.com/company/visa/,visa,corporate.visa.com
Aditya Sharma,Navy Federal Credit Union,https://www.linkedin.com/company/navy-federal-credit-union/,navy-federal-credit-union,navyfederal.org
Diana John,CSAA Insurance Group,https://www.linkedin.com/company/csaa-insurance-group/,csaa-insurance-group,csaa-insurance.aaa.com
Diana John,Manulife Financial,https://www.linkedin.com/company/manulife-financial/,manulife-financial,manulife.com
Diana John,WellCare Health Plans  Inc.,https://www.linkedin.com/company/wellcare/,wellcare,wellcare.com
Diana John,Blue Shield Of California,https://www.linkedin.com/company/blue-shield-of-california/,blue-shield-of-california,blueshieldca.com
Diana John,Pacific Life Insurance,https://www.linkedin.com/company/pacific-life-re/,pacific-life-re,pacificlifere.com
Diana John,Travelers,https://www.linkedin.com/company/travelers/,travelers,travelers.com
Diana John,RLI Corp,https://www.linkedin.com/company/rli-insurance-company/,rli-insurance-company,rlicorp.com
Diana John,Old Republic National Title Insurance Company,https://www.linkedin.com/company/old-republic-specialty-insurance-group/,old-republic-specialty-insurance-group,oldrepublicinsurancegroup.com
Diana John,FM Global,https://www.linkedin.com/company/fm/,fm,fm.com
Diana John,Marsh,https://www.linkedin.com/company/marshrisk/,marshrisk,marsh.com
Rishabh Bose,Adp,https://www.linkedin.com/company/adp/,adp,adp.com
Rishabh Bose,Citi,https://www.linkedin.com/company/citi/,citi,citigroup.com
Rishabh Bose,BMO,https://www.linkedin.com/company/bank-of-montreal/,bank-of-montreal,bmo.com
Rishabh Bose,Charles Schwab,https://www.linkedin.com/company/charles-schwab/,charles-schwab,aboutschwab.com
Rishabh Bose,Ally Financial Inc.,https://www.linkedin.com/company/ally/,ally,ally.com
Rishabh Bose,Scotiabank,https://www.linkedin.com/company/scotiabank/,scotiabank,scotiabank.com
Rishabh Bose,PNC,https://www.linkedin.com/company/pnc-bank/,pnc-bank,pnc.com
Rishabh Bose,Goldman Sachs,https://www.linkedin.com/company/goldman-sachs/,goldman-sachs,goldmansachs.com
Rishabh Bose,Royal Bank of Canada,https://www.linkedin.com/company/rbc/,rbc,rbc.com
Rishabh Bose,BofA Securities,https://www.linkedin.com/company/bank-of-america-merrill-lynch/,bank-of-america-merrill-lynch,bofaml.com
Shreya Sanjay Kumar,Brookfield Business,https://www.linkedin.com/company/brookfield/,brookfield,brookfield.com
Shreya Sanjay Kumar,GM Financial,https://www.linkedin.com/company/gm-financial/,gm-financial,gmfinancial.com
Shreya Sanjay Kumar,Northern trust,https://www.linkedin.com/company/northern-trust/,northern-trust,northerntrust.com
Shreya Sanjay Kumar,Ares Management,https://www.linkedin.com/company/ares-management/,ares-management,aresmgmt.com
Shreya Sanjay Kumar,Principal Financial,https://www.linkedin.com/company/principalfinancialgroup/,principalfinancialgroup,principal.com
Shreya Sanjay Kumar,First horizon bank,https://www.linkedin.com/company/first-horizon-bank/,first-horizon-bank,firsthorizon.com
Shreya Sanjay Kumar,Lincoln Financial,https://www.linkedin.com/company/lincolnfinancial/,lincolnfinancial,LincolnFinancial.com
Shreya Sanjay Kumar,Merrill corporation,https://www.linkedin.com/company/merrilllynch/,merrilllynch,ml.com
Rishabh Bose,Fiserv,https://www.linkedin.com/company/fiserv/,fiserv,fiserv.com
Rishabh Bose,Bank united,https://www.linkedin.com/company/bankunited/,bankunited,bankunited.com
Rishabh Bose,Security Finance of Spartunburg,https://www.linkedin.com/company/security-finance/,security-finance,securityfinance.com
Rishabh Bose,SS&C Technologies,https://www.linkedin.com/company/ss-c-technologies/,ss-c-technologies,ssctech.com
Rishabh Bose,EverBank,https://www.linkedin.com/company/everbank/,everbank,everbank.com
Rishabh Bose,Pathward,https://www.linkedin.com/company/pathward/,pathward,pathward.com
Rishabh Bose,NCR Corporation,https://www.linkedin.com/company/ncr-corporation/,ncr-corporation,ncr.com
Rishabh Bose,Euronet Worldwide,https://www.linkedin.com/company/euronet-worldwide/,euronet-worldwide,euronet.com
Rishabh Bose,Stifel Financial,https://www.linkedin.com/company/stifel-financial-corp-/,stifel-financial-corp-,stifel.com
Shreya Sanjay Kumar,M&T bank,https://www.linkedin.com/company/m&t-bank/,m&t-bank,mtb.com
Shreya Sanjay Kumar,Franklin Templeton,https://www.linkedin.com/company/franklin-templeton/,franklin-templeton,franklinresources.com
Shreya Sanjay Kumar,New York Life Insurance,https://www.linkedin.com/company/newyorklife/,newyorklife,nyl.co
Shreya Sanjay Kumar,Wells Fargo,https://www.linkedin.com/company/wellsfargo/,wellsfargo,wellsfargo.com
Shreya Sanjay Kumar,"Jpmorgan Chase Bank, N.A.",https://www.linkedin.com/company/jpmorganchase/,jpmorganchase,jpmorganchase.com
Shreya Sanjay Kumar,Corebridge Financial,https://www.linkedin.com/company/corebridgefinancial/,corebridgefinancial,corebridgefinancial.com
Shreya Sanjay Kumar,Transamerica,https://www.linkedin.com/company/transamerica/,transamerica,transamerica.com
Shreya Sanjay Kumar,Sunlife financial,https://www.linkedin.com/company/sun-life-financial/,sun-life-financial,sunlife.com
Shreya Sanjay Kumar,Provident Bank,https://www.linkedin.com/company/the-provident-bank/,the-provident-bank,provident.bank
Aditya Sharma,Ameriprise Financial,https://www.linkedin.com/company/ameriprise-financial-services-llc/,ameriprise-financial-services-llc,ameriprise.com
Aditya Sharma,Equifax,https://www.linkedin.com/company/equifax/,equifax,equifax.com
Aditya Sharma,Ally Financial,https://www.linkedin.com/company/ally-financial-group/,ally-financial-group,allyfg.com
Aditya Sharma,WEX,https://www.linkedin.com/company/wexinc/,wexinc,wexinc.com
Aditya Sharma,John Hancock,https://www.linkedin.com/company/john-hancock/,john-hancock,johnhancock.com
Aditya Sharma,Voya Financial,https://www.linkedin.com/company/voya/,voya,Voya.com
Aditya Sharma,Brink's,https://www.linkedin.com/company/brinks/,brinks,brinks.com
Aditya Sharma,Royal Credit Union,https://www.linkedin.com/company/royal-credit-union/,royal-credit-union,rcu.org
Aditya Sharma,H&R Block,https://www.linkedin.com/company/h&r-block/,h&r-block,hrblock.com
Aditya Sharma,Transunion,https://www.linkedin.com/company/transunion/,transunion,transunion.com
Aditya Sharma,Inter - American Development Bank,https://www.linkedin.com/company/inter-american-development-bank/,inter-american-development-bank,iadb.org
Aditya Sharma,Northwestern Mutual,https://www.linkedin.com/company/northwestern-mutual/,northwestern-mutual,northwesternmutual.com
Aditya Sharma,Definity,https://www.linkedin.com/company/definity-financial/,definity-financial,definityfinancial.com
Aditya Sharma,Axos Bank,https://www.linkedin.com/company/axosbank/,axosbank,axosbank.com
Aditya Sharma,AllianceBernstein,https://www.linkedin.com/company/abglobal/,abglobal,alliancebernstein.com
Aditya Sharma,Vanguard,https://www.linkedin.com/company/vanguard/,vanguard,vanguard.com
Aditya Sharma,Capital Group,https://www.linkedin.com/company/capital-group/,capital-group,capitalgroup.com
Diana John,CME Group,https://www.linkedin.com/company/cme-group/,cme-group,cmegroup.com
Diana John,PennyMac Loan Services,https://www.linkedin.com/company/pennymac/,pennymac,pennymac.com
Diana John,CUNA Mutual Group,https://www.linkedin.com/company/cunamutualgroup/,cunamutualgroup,cunamutual.com
Diana John,State Employees' Credit Union,https://www.linkedin.com/company/secu/,secu,ncsecu.org